,,,,,,,,,Personalities,,,,,,,,,-------->,,GLOBAL,,,,SPANISH,,,,PORTUGUESE,,,,,,,,
,Release,Original Name,Type,Source,Category,VGA,Internal Notes,Localized?,All,Default,English (Global),Brazil,GT,MX,Positivo,Description & Notes for Externals,,APP STORE,,Name,Subtitle,Description,,Name,Subtitle,Descriptions,,Name,Subtitle,Description,,QA Notes/Suggestions for Spanish Personality,,,,KEY
,,,,,,,,,,,,,,,,,,,,,,,,,,,,,,,,,,,,
,RC1,Learn English,Endless App,Various,Education,Yes,,0,x,,,,,,,"Our English Application helps our users learn and master English through a variety of fun and interactive games, lessons, and activities.  English proficiency is an invaluable skill in our market, but oftentimes English education is weak. This application bridges that gap, teaching our users Endless how they want to learn -- with videos, song lyrics, and games.",,,,,,"Ready to take your English to a new level? Have fun and learn a new skill by playing games, listening to your favorites songs with lyrics, and watching interesting videos. Sometimes all it takes is a push in the right direction, and with our app, you’ll learn about resources that can help you improve your English and take you to new opportunities.",,,,"¿Listo para llevar tu inglés a otro nivel? Diviértete aprendiendo una nueva habilidad mientras juegas, escuchas tus canciones favoritas con letras, y ves videos interesantes. Algunas veces sólo falta un empujoncito en la dirección correcta, y con esta app, aprenderás sobre los recursos que te pueden ayudar a mejorar tu inglés y darte nuevas oportunidades.",,,,,,"Second sentence still has the oxford comma, which is not used in Spanish- remove comma before ""y ves videos interesantes""",,,,Good to go (5)
,RC1,Photo Editor,Endless App,Endless,Photos,Yes,,0,x,,,,,,,Engaging and intuitive photo application. Apply Instagram-like filters to customize your photos and post them directly to Facebook.,,,,,,"Have you ever wanted to edit your own photos like the pros and create beautiful images you can share with those you love? Well, now you can do that in just a few steps! We have a variety of attractive, artful filters so you can customize your photos and create one-of-a-kind works of art from your everyday life. And with this handy app, you can post your creations directly to Facebook, so everyone can see your photography skills!",,,,"¿Quieres modificar tus propias fotos como los profesionales y crear lindas imágenes para compartir con tus seres queridos? ¡Ahora puedes hacerlo en unos pocos pasos! Tenemos una variedad de filtros atractivos y artísticos para que personalices tus fotos y hagas obras de arte de tu vida diaria. Y con esta útil app, puedes publicar tus fotos directamente en Facebook, para que todos puedan ver tus habilidades fotográficas.",,,,,,,,,4,"Approved, not developed (4)"
,RC1,Translate,Endless App,Endless,"Education, Office",Yes,,0,x,,,,,,,"The Endless Translation Application is a quick and simple way for users to translate from one language to another. The simple interface makes this application easy and delightful to use.
",,,,,,"Translating from one language to another is a great way to bridge across cultures. It’s also important in many day-to-day activities in our increasingly globalized world. With the Translate app, you can understand and be understood in virtually any language. The app features an easy-to-understand setup so that you can use it without any trouble or hassle. It’s delightfully simple. Make new connections – and even new friends – with the world’s languages at your fingertips.",,,,"Traducir de un idioma a otro sirve para crear puentes entre culturas. También es importante en muchas actividades diarias en nuestro mundo globalizado. Con la app de Traducción, puedes entender y ser entendido en casi cualquier idioma. La app tiene una estructura fácil de comprender para que la puedas usar sin problemas ni molestias. Es muy simple. Haz nuevas conexiones - y hasta nuevas amistades - con los idiomas del mundo al tu alcance.",,,,,,"In the longer description's last sentence there is a typo that should be: ""a tu alcance.""",,,3,Proposed for next release (3)
,RC1,Weather,Endless App,Endless,"Network, News",Yes (need internet access though),,4,x,,,,,,,Know the weather in your location with the click of a button with this easy to use Weather Application.,,,,,,"“How’s the weather out there?” Answer this question easily, every day, with the click of a button. This simple weather app allows you to see what’s happening right outside your door. Will it be chilly? Should you plan for rain? Is it a perfect day to spend outdoors? Learn all you need to know about the weather to to take advantage of your day!",,,,"¿Cómo está el clima allí? Responde a esta pregunta fácilmente, todos los días, con el clic de un botón. Esta sencilla app te permite ver lo que está pasando justo afuera de tu casa. ¿Hará frío? ¿Deberás prepararte para la lluvia? ¿Es un día perfecto para pasarlo al aire libre? ¡Infórmate sobre todo lo que necesitas saber acerca del clima para aprovechar tu día!",,,,,,"In the picture preview of the app the sentence reads, ""El pronostico para hoy de Niterói es de rainy y 27 C"" where the word rainy is not translated to spanish.",,,2,Questions about content source (2) 
,RC1,Typing,Endless App,Endless,"Education, Games",Yes,,1,x,,,,,,,"Our Typing Application teaches users how to use a keyboard and develop muscle memory by showing them where to place their hands on the board as they try to type the lyrics to their favorite songs. By gamifying the experience, this application is a fun way to learn a valuable skill. ",,,,,,"Typing is a valuable skill in almost any educational or professional environment. But did you know it could be a whole lot of fun, too? With engaging games, this typing application will teach you to use a keyboard effectively, as well as help you develop typing muscle memory. And the best part is, you’ll learn this useful skill by typing the lyrics to your favorite songs! What could be more entertaining than following along with the songs you love, all the while gaining a great new ability?",,,,"Escribir a máquina es una habilidad muy valiosa en casi cualquier ambiente educativo o profesional. ¿Pero sabías que también puede ser muy divertido? Con juegos interesantes, esta app de escritura a máquina te enseñará a usar el teclado efectivamente y poder usar el teclado sin verlo. ¡Y lo mejor es que aprenderás esta habilidad tecleando la letra de tus canciones favoritas! ¿Qué podría ser más entretenido que aprender las letras de las canciones que te gustan, a la vez que aprendes una nueva y excelente habilidad?",,,,,,,,,1,For a later date (1)
,RC1,Wikipedia,Endless App,Wikipedia,Education,Yes,,1,x,,,,,,,"Explore the world’s information, online or offline, with our Wikipedia Application. It is intuitively designed and provides users with an easy way to access this full encyclopedia, searching topics of their choice with the simple search tool.",,,,,,"Whether you’re working online or offline, you want access to the world’s treasure trove of information – Wikipedia. With the Wikipedia app, you’ll have just that. Use the easy search tool to look up any topic you want, and you’ll be able to read the encyclopedia entry on that topic. You’ll learn more than you ever thought possible with access to the Internet's greatest informational resource.",,,,"Ya sea que estés trabajando con o sin conexión a la Internet, necesitas acceso al tesoro de información más grande del mundo - Wikipedia. Con la app de Wikipedia, precisamente tendrás eso. Busca sobre cualquier tema que quieras y podrás leer el articulo de la enciclopedia sobre ese tema. Aprenderás más de lo que creíste posible con este recurso invaluable.",,,,,,,,,,
,RC1,Coding Fun,Endless App,Endless,Education,Yes,,0,x,,,,,,,"The Endless Programming Application is designed to spark students’ interest in learning computer science and coding skills. It works by seeding students with code that allows them to do interesting things in an interactive environment. The goal is to guide learners through the process of discovering what programming really means, the way that most great engineers learn to program.",,,,,,"Do you like playing video games? Then why not create your own? Learn valuable programming and coding skills with this fun application that lets you change the rules of video games to make them your own! See what happens when you change lines of code and progress through levels to keep learning more and more about how to code. You'll soon find out that learning how to program allows you not only to change the world inside your games, but also your very own! ",,,,"¿Te gusta jugar videojuegos? ¿Entonces por qué no crear el tuyo propio? Aprende a programar y codificar con esta app divertida que te permite cambiar las reglas de los videojuegos ¡para hacerlos tuyos! Mira lo que sucede cuando cambias líneas de código y progresas a través de niveles para seguir aprendiendo más y más sobre cómo codificar. Pronto te darás cuenta de que aprender a programar te permite no sólo a cambiar el mundo dentro de tus juegos, ¡sino que también el tuyo!",,,,,,,,,,
,RC1,Résumé,Endless App,Endless,"Jobs, Office",Yes,,0,x,,,,,,,"Our Resume Application gives users offline templates in LibreOffice that they can use as models and can edit to create their own resumes. The app also teaches users what a resume is, gives tips on what to include, and gives suggestions for how to prepare for job interviews. The Lite Version just contains the resume templates that are editable and contain tips on each of the resume sections. ",,,,,,"The best way to make a great impression on a potential employer is to have an outstanding resume, and this app is here to help you do just that. With handy, attractive templates, you have plenty of models to use as you build your own stellar resume. Learn exactly what a resume is and what it should contain, get tips on each section, and even receive guidance on how to prepare for job interviews. This app can help you move closer to the job of your choice. 
",,,,"La mejor manera de impresionar a un empleador potencial es tener un currículum excelente. Esta app está aquí para ayudarte a hacer eso. Con plantillas útiles y atractivas, tendrás suficientes modelos para usar al construir tu propio currículum. Aprende exactamente qué es un currículum y lo que debería contener, obtén consejos en cada sección, y recibe consejos para prepararte para entrevistas de trabajo. Esta app te puede ayudar a acercarte más al empleo de tu elección.",,,,,,"In longer description oxford comma should not be used- ""...obtén consejos en cada sección y recibe consejos...""",,,,Release Candidate Builds
,RC1,Guatemala,Endless App,Wikipedia,"Education, Travel","No, tabs for each category are cut off the screen. Some articles are cut off too",,2,,x,x,,x,,x,,,,,,,"Guatemala has an ancient and fascinating history, but it’s also a modern, bustling nation with many attractions, cultural events, and important population centers. Explore articles showcasing these areas of Guatemalan life, art, geography, and culture. You’ll deepen your knowledge of Guatemala and be able to share what you learn with friends, family, and visitors.",,,,"Guatemala tiene una historia antigua y fascinante, pero también es un país moderno y animado con muchos atractivos, eventos culturales y centros importantes. Explora artículos enfocados en estas áreas de la vida guatemalteca, y en su arte, geografía y cultura. Profundizarás tu conocimiento acerca de Guatemala y podrás compartir lo que aprendas con tus amigos, familia y visitantes.",,,,,,,,,RC1,8-Nov-2013
,RC1,Science,Endless App,Wikipedia,Education,"No, tabs for each category are cut off the screen. Some articles are cut off too",,0,x,,,,,,,,,,,,,"Are you someone who always wants to know how things work? Do you ask “why” and “how” often in everyday life? Then this application is for you. This fun and informative app will help you answer many of the questions you have about the universe’s wonders, and covers amazing topics like physics, earth sciences, and life sciences. From the origins of the dinosaurs to the mysteries of outer space, there’s so much to learn and share! This app will help you on your road to scientific discovery.",,,,"¿Eres de los que siempre quieren saber cómo funcionan las cosas? ¿Te preguntas ""por qué"" y ""cómo"" a menudo en cosas de la vida diaria? Entonces esta app es para ti. Esta app divertida e informativa te ayudará a responder muchas de las preguntas que tienes acerca de las maravillas del universo ya que cubre temas emocionantes como la física, y las ciencias de la vida. Desde los orígenes de los dinosaurios hasta los misterios del espacio exterior, ¡hay tantas cosas que aprender y compartir! Esta app te ayudará en tu camino hacia el descubrimiento científico.",,,,,,,,,RC2,17-Feb-2014
,RC1,Soccer,Endless App,Wikipedia,"Entertainment, Sports","No, tabs for each category are cut off the screen. Some articles are cut off too",content differs by market,3,x,,,,,,,,,,,,,"Soccer is a major sport with fans all around the world. Are you one of them? Then this is the app for you. It features everything you need to know about the world’s major teams, players, and competitions. Learn facts about the game and its history, discover the intricacies of the rules, and keep up to date with articles about your favorite sport!",,,,"El fútbol es un deporte con aficionados en todo el mundo. ¿Eres uno de ellos? Esta app tiene todo lo que necesitas saber acerca de los mejores equipos del mundo, tus jugadores favoritos y todas las competencias en que participan. Aprende hechos acerca del juego y su historia, descubre la complejidad de las reglas, ¡y mantente al tanto con artículos acerca de tu deporte favorito!",,,,,,,,,RC3,
,RC1,Travel,Endless App,Wikipedia,"Education, Travel","No, tabs for each category are cut off the screen. Some articles are cut off too",,0,x,,,,,,,,,,,,,"The world is an amazing and beautiful place! Start exploring it with this cool application that lets you see pictures and learn facts about areas from all over the world. It features information on major sites in places like the Americas, Europe, Asia and beyond. Learn about natural wonders, explore new cultures, and discover some of the most important and holy religious sites in the world!",,,,"¡El mundo es un lugar bello y extraordinario! Comienza a explorarlo con esta app que te permite ver fotos y conocer hechos sobre áreas de todas partes del mundo. Contiene información acerca de sitios importantes en lugares como las Américas, Europa, Asia y más. ¡Conoce las maravillas naturales, explora nuevas culturas y descubre algunos de los sitios sagrados más importantes del mundo!",,,,,,,,,,
,RC1,Celebrities,Endless App,Wikipedia,Entertainment,"No, tabs for each category are cut off the screen. Some articles are cut off too",content differs by market,1,x,,,,,,,,,,,,,"Whether you’re wondering about the life of your favorite movie or pop star, or want to know more about the background and formative years of an important politician, this application can help be your guide. Have fun, learn interesting and juicy facts, and share your knowledge of famous people with all of your friends!",,,,"¿Te fascina la vida de las estrellas? Ahora podrás saber más de tus estrellas favoritas y mantenerte al tanto de lo que hacen. Ya sea que te preguntes sobre la vida de tu estrella de la pantalla favorita o de tu músico favorito, o quieras saber más sobre los orígenes y años formativos de un político importante, esta app puede ser tu guía. ¡Diviértete, conoce hechos importantes y noticia jugosa y comparte tus conocimientos sobre los famosos con todos tus amigos!",,,,,,,,,,
,RC1,Fitness,Endless App,Wikipedia,"Health, Lifestyle","No, tabs for each category are cut off the screen. Some articles are cut off too",,0,x,,,,,,,,,,,,,"We all want to look and feel our best. With this app, you’ll learn how to exercise safely and effectively. With a range of exercises and routines, as well as information about keeping yourself safe and preventing injury, you’ll have your workout on track in no time. The app also features guidance on how to live a healthy life of the body and the mind.",,,,"Todos queremos vernos y sentirnos de lo mejor. Con esta app, aprenderás a ejercitarte con cuidado y con eficaz. Esta app tiene una variedad de ejercicios y rutinas y información para ayudarte a ser sano y prevenir lesiones. Podrás poner tus ejercicios en camino en muy poco tiempo. Esta app te ayudará a tener un cuerpo y una mente saludable. ",,,,,,"In longer description there is a typo: ""e informacón"" instead of ""y información""",,,,
,RC1,Cooking,Endless App,wikiHow,Utility,"No, tabs for each category are cut off the screen. Some articles are cut off too",,1,x,,,,,,,"Our Recipe Application works the way our users actually cook. It guides users to recipes based on the contents of their refrigerator, relying on local recipes and seasonal ingredients. With a focus on simplicity, this application is both easy to use and visually stunning, offering our users a completely new and highly relevant lifestyle tool. The recipe application is just one example of how delightful and inviting we can make an application with a little care and stunning visual design.",,,,,,"Looking to cook something great for your friends and family? This helpful app features basic cooking instructions and some great recipes. Get helpful tips about the kitchen, as well as information on how to eat healthily to keep your body in its best shape. Your loved ones will be glad to share your cooking creations, and will be impressed with your skills.",,,,"¿Quieres cocinar algo espectacular para tus amigos y para familia? Deja que esta app de cocina sea tu compañera. Esta app útil contiene instrucciones básicas de cocina y una gran cantidad de recetas deliciosas. Obtén consejos útiles sobre la cocina, y información sobre cómo comer saludablemente para mantener tu cuerpo de la mejor forma. Tus seres queridos estarán contentos de compartir tus creaciones culinarias, y los impresionarás con tus habilidades.",,,,,,,,,,
,RC1,Brazil,Endless App,Wikipedia,"Education, Travel",,Need to revise content,2,,x,x,x,,,x,"Our Brazil Application contains wikipedia articles showcasing Brazil’s history, geography, popular events, sports, food, etc. We have found that our users love to learn more about their own country!",,,,,,"Want to learn more about the nation you call home? Brazil is a beautiful country with a rich heritage, delicious food, exciting sports, engaging cultural events, beautiful sites, and much more. Explore articles showcasing these areas of Brazilian life, art, geography, and culture. You’ll deepen your knowledge of the nation and be able to share what you learn with friends, family, and visitors.",,,,"¿Quieres saber más de tu país? México es un país bello con una tradición rica, comida deliciosa, deportes emocionantes, eventos culturales interesantes, y mucho más. Explora artículos enfocados en áreas de la vida mexicana, de su arte, geografía y cultura. Profundizarás tu conocimiento acerca de tu país y podrás compartir lo que aprendas con tus amigos, familia y visitantes.",,,,,,"Longer description uses Mexico instead of Brazil. Also, the oxford comma should not be used- ""eventos culturales interesantes y mucho más""",,,,
,RC1,Health,Endless App,TBD,Education,,translate to Spanish,0,,x,,,,,,Our Health Application brings health to users who may not otherwise have access.,,,,,,"Your health is one of the most important aspects of daily life, and you need resources to make sure you understand how to lead a healthy lifestyle and stay well. With this health app, you’ll have access to information about a range of health topics. Learn about how to keep yourself and your family from getting sick, and how to take care of minor ailments when they occur. This app is your indispensible resource to learn how to live a healthy life.",,,,"Tu salud es uno de los aspectos más importantes de la vida diaria, y necesitas recursos para ayudarte a llevar un estilo de vida saludable. Esta app de salud te dará acceso a una variedad de temas de salud. Infórmate sobre cómo evitar que tú y tu familia se enfermen, y cómo tratar ciertas enfermedades cuando ocurran. Esta app es tu recurso indispensable para conocer más acerca de vivir una vida saludable.",,,,,,,,,,
,RC1,Khan Academy,Endless App,Khan Academy,Education,,,0,,x,x,,x,,x,"This educational application gives our users access to Khan Academy videos in their language. Khan Academy has become one of the great successes in education, offering online classes on subjects like physics, chemistry, biology, math, and more. Rich with content, this application provides a free, powerful supplement to classroom education.",,,,,,"A whole world of learning is at your fingertips with the Khan Academy app. One of the greatest educational resources out there, Khan Academy, offers online video courses in a vast variety of content areas, including math, biology, chemistry, and physics. These exciting videos give you access to fascinating content, and help you learn more than just your classroom's education. The videos are free, easy to access, and provide learning opportunities that are sure to expand your mind.",,,,"Con la app de Khan Academy tendrás un mundo de conocimiento a tu alcance. Khan Academy es uno de los recursos educacionales más grandes y ofrece cursos por video en línea en una gran variedad de áreas, incluyendo matemáticas, biología, química, y física. Estos videos interesantes te darán acceso a un contenido fascinante, y te ayudarán a saber más de lo que solo aprenderás en el salón de clases. Todos los videos son gratuitos y te ayudarán a abrir tu mente y ser exitoso en lo que quieras.",,,,,,"In short description oxford comma should not be used in Spanish - ""la historia y mucho más"". In longer description, the oxford comma should again not be used - ""biologia, quimica y fisica""",,,,
,RC1,YouTube,Endless App,Endless,Media,,,0,x,,,,,,,A stylish and engaging application that makes finding YouTube videos easier.,,,,,,"YouTube is one of the most entertaining and informative sites on the Web. You can find videos of your favorite musical artists, tutorials that teach you to do virtually anything, funny or cute videos, and so much more! The YouTube app makes finding videos easier in a beautiful new way. This app is the best way to discover exactly the video you’re looking for.
",,,,"YouTube es uno de los sitios más entretenidos e informativos de la Red. Puedes encontrar videos de tus artistas musicales favoritos, clases que te enseñan casi de todo, videos divertidos o graciosos, ¡y mucho más! La app de YouTube hace que encontrar videos sea más fácil de una nueva y agradable forma. Esta app es la mejor manera de descubrir exactamente el video que estás buscando.",,,,,,,,,,
NA,RC1,Mexico,Endless App,Wikipedia,"Education, Travel",,,2,,x,x,,,x,,,,,,,,"Want to learn more about the nation you call home? Mexico is a beautiful country with a rich heritage, delicious food, exciting sports, engaging cultural events, beautiful sites, and much more. Explore articles showcasing these areas of Mexican life, art, geography, and culture. You’ll deepen your knowledge of the nation and be able to share what you learn with friends, family, and visitors.",,,,"¿Quieres conocer más acerca del país al que llamas tu hogar? Brasil es un bello país con una rica tradición, deliciosa comida, deportes emocionantes, interesantes eventos culturales, y mucho más. Explora artículos enfocados en estas áreas de la vida brasileña, arte, geografía y cultura. Profundizarás tu conocimiento acerca del país y podrás compartir lo que aprendas con amigos, familia y visitantes.",,,,,,"Longer description uses Brazil instead of Mexico. Also, the oxford comma should not be used- ""eventos culturales interesantes y mucho más""",,,,
,,Math,Endless App,TBD,Education,,,0,x,,,,,,,,,,,,,,,,,,,,,,,,,,,
,RC1,Armagetron,Linux App,Linux,Games,Yes ,,0,x,,,,,,,,,,,,,"This exciting game lets you into the world of Tron. Get behind the wheel of a “light cycle”, a cool and futuristic motorcycle, and battle others on the road. Force your opponents to hit the arena walls to eliminate them from the game and come out victorious. This app is easy to learn and a lot of fun to play!",,,,"Este juego emocionante te lleva al mundo de Tron. Ponte detrás el volante de una motocicleta futurística y genial, y compite con otros por el camino. Trata de forzar a tus oponentes a golpearse con las paredes de la arena para eliminarlos del juego y salir victorioso. ¡Este juego es fácil de usar y muy divertido!",,,,,,"Typo on ""ponte detrás del volante""",,,,
,RC1,Audio Editor,Linux App,Linux,Audio,,,0,x,,,,,,,,,,,,,"Have you ever wanted to make your own audio clips or songs? With this app, you'll be able to access all the tools you need to create audio clips that you can play for your friends and family. Create high quality clips and songs that you can even share with the world!",,,,"¿Alguna vez quisiste hacer tus propias canciones o clips de audio? Con esta app, podrás tener acceso a todas las herramientas necesarias para crear clips de audio. Podrás mostrarlas a tus amigos y a tu familia. ¡Crea canciones y clips de alta calidad que hasta puedas compartir con el mundo!",,,,,,"In the last sentence of the long description, instead of subjunctive ""puedas"" it should be ""podrás""",,,,
,RC1,E-mail,Linux App,Linux,"Mail, Email",Yes,,0,x,,,,,,,,,,,,,"Staying in touch is an important part of modern life, and email has become one of the best ways of doing so. You may receive emails from faraway or close-by friends and family, access messages containing daily jokes, vocabulary, or news, and even handle important matters – all via email. When you need to check your email quickly and simply, this app is there for you.",,,,"Mantenerte en contacto es una parte importante de la vida moderna, y el correo electrónico es una de las mejores formas de hacerlo. Puedes recibir correo electrónico de amigos y familiares lejanos y cercanos, tener acceso a mensajes que contengan bromas del día, vocabulario o noticias y aún manejar asuntos importantes - todo por correo electrónico. Cuando necesites revisar tu correo electrónico rápido y fácilmente, esta app estará disponible.",,,,,,"In the short description ""simple"" is cut off at the end. Also, the color of words makes the description a little harder to read.",,,,
,RC1,Calculator,Linux App,Linux,"Utility, Calculator",Yes,,0,x,,,,,,,,,,,,,"Do you ever consider how often you need to do basic or even complex math in daily life? From calculating a budget to converting measurements in a recipe to figuring out taxes, you probably use equations more regularly than you think. That’s why this calculator app comes in handy. Perform simple arithmetic quickly, or allow the calculator to do more advanced work, depending on your needs. You’ll never struggle to perform mathematical tasks again as long as you have this calculator app! ",,,,"¿Te has puesto a pensar con qué frecuencia necesitas usar matemáticas básicas, o hasta complejas, en la vida diaria? Desde calcular un presupuesto o convertir medidas en una receta hasta lidiar con los impuestos, probablemente usas las ecuaciones más veces de las que imaginas. Es por eso que esta app es muy útil. Haz una aritmética simple rápidamente o deja que la calculadora haga trabajo más avanzado, dependiendo de tus necesidades. ¡Nunca volverás a tener dificultades para hacer tareas matemáticas cuando tengas esta app de calculadora abierta!",,,,,,,,,,
,RC1,EduGames,Linux App,Linux,"Games, Education",Yes,,0,x,,,,,,,,,,,,,"This app makes learning fun for young children with more than 100 games and activities! Educational topics include reading, geography, and math, and the app also features games like chess and Connect Four, which are great for young brains. Your child will have a wonderful time developing valuable skills that will help him or her throughout life.",,,,"¡Esta app hace el aprendizaje divertido para los niños pequeños con más de 100 juegos y actividades! Los temas educativos incluyen la lectura, geografía y matemáticas. La app también contiene juegos como ajedrez y Conecta Cuatro, que son excelentes para los cerebros de niños. Tu hijo o hija se divertirá desarrollando habilidades valiosas que le ayudarán por toda su vida.",,,,,,,,,,
,RC1,GIMP,Linux App,Linux,Photos,Yes but little place to create,,0,x,,,,,,,,,,,,,"This application is similar to Adobe Photoshop, and it is free. This tool allows you to edit photos in a variety of ways, creating even more beautiful works of art from your original images. This app can also do things like convert formats of files or serve as a basic paint program. There are so many possibilities for how to create cool images once you get the hang of this helpful editing app!",,,,"Esta app es parecida a Adobe Photoshop pero es gratuita. Esta herramienta te permite modificar fotos en una variedad de formas, creando obras de arte aún más bellas a partir de tus imágenes originales. Esta app también puede hacer cosas como convertir formatos o archivos o servir como un programa básico de pintura. ¡Hay tantas posibilidades para crear imágenes bellas una vez que sepas cómo utilizar esta app!",,,,,,,,,,
,RC1,Math,Linux App,Linux,"Utility, Calculator",Yes,,0,x,,,,,,,,,,,,,"This math application offers advanced mathematical computing functions that can be used for far more than just basic calculations. If you’re a math whiz who loves to experiment with this exciting discipline, this is the app for you. And even if you’re not, the app works wonderfully as a high-level calculator. Everything you need to figure out numerical mysteries is right here.",,,,"Esta app de matemáticas ofrece funciones avanzadas de computación que se pueden utilizar para mucho más que sólo cálculos básicos. Si eres un genio de las matemáticas a quien le gusta experimentar con esta disciplina, te encantará esta app. E incluso, si no lo eres, la app funciona de maravilla como una calculadora de alto nivel. Todo lo que necesites saber sobre los misterios numéricos está aquí.",,,,,,,,,,
,RC1,Sudoku,Linux App,Linux,Games,Yes but main screen is cut off,,0,x,,,,,,,,,,,,,"If you’re a fan of puzzles and math games, the Sudoku app is perfect for you. These fun brain teasers require you to input numbers in a grid so that you have unique rows, columns, and grid regions containing all the numbers 1 through 9. It may seem complicated at first, but with this app, you’ll learn how to play and can get the hang of the game in no time. You'll soon have hours of fun solving Sudoku puzzles and exercising your mind!",,,,"Si eres un fanático de las rompecabezas y los juegos de matemáticas, la app de Sudoku te entretendrá por horas. Estos enigmas divertidos requieren que pongas los números 1 - 9 de cierta manera para resolver la rompecabezas. Puede parecer complicado al principio, pero con esta app, podrás aprender a jugar y te acostumbrarás en poco tiempo. ¡Muy pronto te divertirás resolviendo rompecabezas Sudoku y ejercitando tu mente!",,,,,,,,,,
,RC1,Dictionary,Linux App,Linux,Utility,Yes,,0,x,,,,,,,,,,,,,"In reading and conversation, words often come up with which you’re not familiar. Rather than pretend you know what they mean, it’s best to have a dictionary app so you can learn new vocabulary and understand what you read and hear. This dictionary app is easy to use and navigate, so you’ll never have trouble finding just the word you’re looking for. ",,,,"En la lectura y en la conversación, a veces vienen palabras desconocidas. En lugar de pretender que sabes lo que quieren decir, lo mejor es tener una app para que puedas aprender nuevo vocabulario y entender lo que lees y escuchas. Esta app de diccionario es fácil de usar y navegar, por lo que nunca vas a tener problemas para encontrar justo la palabra que estás buscando.",,,,,,"In short description change: ""para ayudarte a fácilmente encontrar"" (placement of adverb). In longer description: ""En vez de fingir"" might be more clear than using the phrase ""En lugar de prentender""  ",,,,
,RC1,Breakout,Linux App,Linux,Games,Yes,,0,x,,,,,,,,,,,,,"This classic paddle game is tons of fun! The aim is to destroy bricks with your ball by hitting them with your paddle, which allows you to level up. The original Breakout game came out in 1976, and people have loved this simple yet addictive game ever since. Get your brick-breaking fix with great graphics and animation, intuitive controls, and plenty of levels to beat.",,,,"¡Este juego de raqueta clásico es muy divertido! El objetivo es destruir bloques con la pelota al golpearla con tu raqueta, lo que te permite subir de nivel. El juego original Breakout se publicó en 1976, y a la gente le ha encantado este juego sencillo pero adictivo desde entonces. Consigue tu dosis de rompe-ladrillos con excelentes gráficos y animaciones, controles intuitivos y muchos niveles que superar.",,,,,,"In longer description replace: ""lo que te permite"" with ""lo cual te permite""",,,,
,RC1,Spreadsheet,Linux App,Linux,Office,Yes,,0,x,,,,,,,,,,,,,"Whatever you need to keep track of, the spreadsheet app can help you do it. This advanced yet easy-to-use spreadsheet has something for everyone: a simple layout that’s easy to understand, plus the ability to do complex calculations. Spreadsheets are used in many careers throughout the world, so getting the hang of this app can also help you gain valuable skills for the job market.",,,,"Esta hoja de cálculo es avanzada tiene algo para todos: un diseño simple que es fácil de entender y la posibilidad de hacer cálculos complejos. Las hojas de cálculo se utilizan en muchas profesiones en todo el mundo, así que acostumbrarte a usar esta app podría ayudarte a obtener valiosas habilidades para algún trabajo futuro.  ",,,,,,"Hoja de Cálculo: Typo in the first sentence- ""es avanzada y tiene algo""",,,,
,RC1,Presentation,Linux App,Linux,Office,Yes,,0,x,,,,,,,,,,,,,"Create clean, attractive, and professional presentations with this presentation app. This app features the ability to use text, drawing tools, transitions, 2-D and 3-D art, and even animations to get your point across in a beautiful and compelling way. And best of all, this app is easy to understand and use, with simplified steps for creating exactly what you need. ",,,,"Crea presentaciones limpias, atractivas y profesionales con esta app de presentación. Esta app cuenta con la posibilidad de utilizar texto, herramientas de dibujo, transiciones, arte en 2-D y 3-D e incluso animaciones, para expresarte como quieras. Y lo mejor es que esta app es fácil de entender, con pasos simplificados para crear exactamente lo que necesitas.",,,,,,,,,,
,RC1,Writer,Linux App,Linux,Office,Yes,,0,x,,,,,,,,,,,,,"This app gives you all the features of the best word processing applications and is compatible with Microsoft Office. Create and edit documents easily, create short notes and longer pieces of writing with annotations and diagrams. It’s all possible with this app. Your documents will look professional enough to present to employers, teachers, or other important people. Use this app to compose your next masterpiece or to take great notes; either way, you’ll have simple yet powerful tools available.",,,,"Esta app te ofrece todas las funciones de las mejores apps de procesador de textos y es compatible con Microsoft Office. Crea y edita documentos con facilidad, crea notas cortas o ensayos largos con anotaciones y diagramas. Todo es posible con esta app. Tus documentos quedarán tan profesionales como para presentar a los empleadores, maestros u otras personas importantes. Utiliza esta app para escribir tu próxima obra maestra o para tomar notas excelentes. De cualquier manera, tendrás herramienta sencilla y poderosa disponible.",,,,,,,,,,
,RC1,Documents,Linux App,Linux,"FileManager, Core, GTK",Yes,,0,x,,,,,,,,,,,,,,,,,,,,,,,,,,,
,RC1,Physics,Linux App,Linux,"Games, Education",Yes,,0,x,,,,,,,,,,,,,"Who knew the laws of physics could be so much fun? With this app, you can solve puzzles by drawing objects like pulleys, levers, and ramps. If your creations turn out right, you’ll accomplish that level’s task and move to the next level. This challenging game will also teach you some basic physics, but you’ll be having so much fun that you’ll hardly know you’re learning.",,,,"¿Quién diría que las leyes de la física podrían ser tan divertidas? Con esta app, puedes resolver rompecabezas dibujando objetos como poleas, palancas y rampas. Si tus creaciones salen bien, cumplirás con la tarea de ese nivel y pasarás al nivel siguiente. Este juego te enseñará algo de física básica, pero te divertirás tanto que apenas notarás que estás aprendiendo.",,,,,,,,,,
,RC1,Open Arena,Linux App,Linux,Games,,,0,x,,,,,,,,,,,,,"If arena battles are your idea of a good time, then you’ll love this application. Be warned – this is a game of serious skill, and serious bloodshed. Use different styles of weapons in contests like Capture the Flag, Deathmatch, Team Deathmatch, Last Man Standing, and Tournament. Each of these modes offers its own form of excitement as you battle your enemies! ",,,,"Si los campos de batalla son tu idea de diversión, entonces te encantará esta app. Ten en cuenta - esto es un juego de habilidad en serio y tiene derramamiento de sangre grave. Utiliza diferentes estilos de armas en concursos como Capturar la Bandera, Deathmatch, Team Deathmatch, Último Hombre y Torneo. ¡Cada uno de estos modos ofrece su propia forma de diversión mientras te enfrentas a tus enemigos!",,,,,,"Typo on word ""acción""",,,,
,RC1,Pingus,Linux App,Linux,Games,Yes,,0,x,,,,,,,,,,,,,"Penguins are among the cutest animals, so who wouldn’t want to play a fun game protecting these beloved creatures from falling off cliffs and into freezing waters? With lots of levels and adorable characters, this is sure to become your new favorite game. Watch your penguins use the tools you give them in order to avoid an untimely end.",,,,"Los pingüinos están entre los animales más lindos, así que ¿quién no quisiera jugar un juego divertido que protege a estas criaturas para que no se caigan a las aguas heladas? Con una gran cantidad de niveles y personajes adorables, este juego seguramente se convertirá en tu nuevo juego favorito. Observa a tus pingüinos utilizar las herramientas que les das para evitar un final prematuro.",,,,,,"Typo on ""helada"" should be ""agua helada""",,,,
,RC1,Music,Linux App,Linux,Audio,Yes,,1,x,,,,,,,,,,,,,"In addition to listening to your favorite music, this app lets you search through your library, create playlists, play and burn CDs, shows you album art and even songs' lyrics. This app also supports Internet radio streaming and audio visualizations. Enjoy all your favorite songs, stored and sorted in one convenient app.",,,,"Además de dejarte escuchar tu música favorita, esta app te permite buscar en tu biblioteca, crear listas de reproducción, y reproducir y grabar CDs. Muestra la carátula del álbum e incluso las letras de todas tus canciones favoritas. Esta app también soporta transferencia continua de radio por Internet y visualizaciones de audio. Disfruta de tus canciones favoritas que estarán almacenadas y clasificadas en esta app.",,,,,,"In the longer description the oxford comma is still used. Should be: ""crear listas de reproducción y reproducir y grabar...""",,,,
,RC1,Photos,Linux App,Linux,Photos,Yes,,0,x,,,,,,,,,,,,,"We all love to take pictures in our everyday lives – and we especially love downloading them to our computers so we can edit and share them via social media. This app lets you import photos from a digital camera or phone seamlessly. You can then arrange them into albums, edit them for maximum beauty and effect, and of course, display them on your favorite social networks, like Facebook. This photo app also allows you to create albums that you share on the web, if you’d rather share that way. Whatever you choose, your friends can see all the photos you want them to!",,,,"A todos nos gusta tomar fotos de nuestra vida cotidiana - y sobre todo nos encanta descargarlas en nuestras computadoras para poderlas modificar y compartir a través de los medios sociales. Esta app te permite importar fotos desde una cámara digital o un teléfono sin problemas. Luego, puedes organizarlas en álbumes, modificarlas para hacerlas más bellas, darles los efectos que quieras, y por supuesto, mostrarlas en tus redes sociales favoritas, como Facebook. Esta app de fotos también permite crear álbumes para compartir en la Internet, si prefieres hacerlo de esa manera. Elijas lo que elijas, ¡tus amigos podrán ver todas las fotos que quieras!",,,,,,"In the longer description the oxford comma is still used. Should be: ""...darles los efectos que quieras y por supuesto...""",,,,
,RC1,Skype,Linux App,Linux,Network,,,0,x,,,,,,,,,,,,,"Skype makes staying in touch incredibly easy and fun! If you have a webcam and a microphone, you can easily make video calls and voice calls to anyone in the world who also has Skype. This app’s features are simple to use and you can stay in touch with people anywhere in world!",,,,"¡Skype te ayuda a mantenerte en contacto con quien quieras! Si tienes una cámara web y un micrófono, puedes hacer llamadas de  video o de voz a cualquiera otra persona en el mundo que tenga Skype, por gratis. Ahora podrás mantenerte en buen contacto con todos tus seres queridos, o hasta hacer nuevos amigos en otros locales, con solo el uso de la Internet, Skype, y un micrófono! ",,,,,,,,,,
,RC1,Freecell,Linux App,Linux,Games,Yes but freezes (need resolution of 1920x1080) ,,0,x,,,,,,,,,,,,,"This application lets you play a new type of solitaire that will keep you busy for hours! Freecell Solitaire is a little different from the traditional Klondike Solitaire, but the rules are easy to get the hang of. Like Klondike Solitaire, the general idea is to put cards of the same suit down in numerical order, but it’s a little more complicated than that. This card game challenges the mind and provides plenty of entertainment for you to enjoy.",,,,"¡Esta app te permite jugar un nuevo tipo de Solitario que te mantendrá ocupado durante horas! Freecell Solitaire es un poco diferente al tradicional, o Klondike Solitaire, pero las reglas son fáciles de comprender. Como Klondike Solitaire, la idea general es poner cartas del mismo palo en orden numérico, pero es un poco más complicado que eso. Este juego de cartas te desafía la mente mientras te divierte.",,,,,,"Last sentence is missing the word ""que"" in ""mientras que te divierte""",,,,
,RC1,Solitaire,Linux App,Linux,Games,Yes but freezes (need resolution of 1920x1080) ,,0,x,,,,,,,,,,,,,"Solitaire is a classic card game that is fun for people of all ages. It’s easy to figure out the rules, but it takes time to master the game.  Luckily, you’ll want to put in the time to really learn how to play, because you’ll be having so much fun. This engrossing and mind-enriching game is sure to entertain you, hour after hour.",,,,"Solitaire es un juego clásico de cartas para todas las edades. Las reglas son fáciles, pero se necesita tiempo para dominar el juego. ¡Querrás dedicar tiempo para realmente aprender cómo jugar, porque te estarás divirtiendo mucho! Este juego fascinante te dará mucho entretenimiento, hora tras hora.",,,,,,,,,,
,RC1,Stellarium,Linux App,Linux,"Education, Science",,,3,x,,,,,,,,,,,,,"Discover the night sky with this application. With a catalogue of more than 600,000 stars, constellations from more than a dozen cultures, and many more features, this application lets you see and get to know the stars right from your desktop. This application shows you a night sky that is so realistic, it matches the one you see above you. Set your location coordinates and learn about the stars above you!",,,,"Descubre el cielo nocturno con esta app. Tiene un catálogo de más de 600,000 estrellas, constelaciones de más de una docena de culturas y muchas más funciones. ¡Esta app te permitirá ver y conocer a las estrellas directamente desde tu computadora! Te mostrará un cielo nocturno tan realístico, que coincidirá con el cielo que puedas ver arriba, allí a tu afuera. ¡Establece tus coordenadas de ubicación y conoce las estrellas que tienes arriba!",,,,,,"Use the verb ""podrás ver arriba"" instead of ""pueda"" to keep consistent with the verb tense already used: ""mostrará""",,,,
,RC1,Videos,Linux App,Linux,Video,Yes,,0,x,,,,,,,,,,,,,"Do you love watching movies? Do it the right way with this video application that allows you to watch movies you have downloaded in full-screen mode. Other basics, like volume control and playlists, make your video-watching experience easy and fun. With this application you'll want to invite all of your family and friends to join you in watching all of your favorite movies!",,,,"¿Te gusta ver películas? Usa esta app para verlas en pantalla completa. Podrás descargar tus películas favoritas por la Internet y verlas en tu computadora. Algunas apps para ver películas son demasiado complejas. Esta app es simple, y tiene todos las funciones básicas que necesitarás para que tu experiencia al ver tus videos sea fácil y divertida. ¡Con esta app querrás invitar a toda tu familia y amigos a ver todas tus películas favoritas!",,,,,,"In the longer description it sounds a little better to say, ""Invitar a toda tu familia y a todos tus amigos""",,,,
,RC1,Tux Math,Linux App,Linux,"Games, Education",Yes,,0,x,,,,,,,,,,,,,"Starring kids’ favorite buddy, Tux the Penguin, this fun math game application leads kids through math facts in a way that’s fun and engaging. You want your children’s math skills to improve, and they want to play games – so encouraging them to play brings together the best of both worlds and will help your child learn to love math! ",,,,"Niños podrán seguir a Tux el Pingüino por estos juegos que hacen aprender matemáticas algo divertido, en lugar de algo fastidioso. Hay varios juegos que podrán enseñar y mejorar las habilidades de tus hijos ¡así que anímalos a jugar! ¡Ellos se divertirán mucho haciéndolo!",,,,,,,,,,
,RC1,Tux Typing,Linux App,Linux,Games,Yes,,0,x,,,,,,,,,,,,,"This fun application is a great way for kids, and even adults, to learn how to type! Learn the basics, or improve your skills by playing games that teach you how to use a keyboard without even looking at it. Children today are growing up surrounded by computers and mobile devices, and learning how to use these technologies well will only grow more important in the future. Start them off with a great foundation by downloading this app and encouraging them to play!",,,,"Esta aplicación divertida les ayuda a niños aprender a escribir a máquina, e incluso puede ayudar hasta adultos hacer lo mismo. Aprende los conceptos básicos, o mejora tus habilidades, por medio de juegos que te enseñan a usar un teclado sin siquiera mirarlo. Los niños de hoy están creciendo rodeados de computadoras y otros electrónicos, entonces aprender a utilizar estas tecnologías correctamente será aún más importante en el futuro. ¡Comienza por darles los fundamentos al descargar esta app y animándolos a jugar!",,,,,,,,,,
,RC1,Frozen Bubble,Linux App,Linux,Games,Yes,,0,x,,,,,,,,,,,,,Play by yourself or challenge your friends to an exciting game of frozen bubbles! Match the colored bubbles in order to knock them down and get them out of the way before they stack up too high and crash into you. You need to have a good strategy and develop a quick trigger finger in order to win!,,,,"¡Juega solo o desafía a tus amigos a un juego emocionante de burbujitas! Une las burbujas del mismo color para derribarlas y sacarlas del camino antes de que se apilen demasiado alto y te caigan encima. ¡Necesitas una estrategia buena, tanto como desarrollar un dedo rápido, para ganar!",,,,,,,,,,
,RC1,Inkscape,Linux App,Linux,Games,Yes,,0,x,,,,,,,,,,,,,"This application is for intermediate and advanced graphic designers who need to create and edit their graphics and images. This app gives you advanced features and is comparable to Adobe InDesign. For example, it allows you to create SVGs (Scalable Vector Graphics), which allow your graphics to remain high quality no matter what size they are. Create beautiful ads, brochures, presentations and artwork with this great free graphics app!",,,,"Esta app es para diseñadores gráficos intermedios y avanzados que necesitan crear y editar gráficos e imágenes. Esta app te brinda funciones avanzadas y es comparable a Adobe InDesign. Por ejemplo, te permite crear imágenes en SVG (Scalable Vector Graphics), que permiten que los gráficos conserven su alta calidad, no importa qué tamaño sean. ¡Crea bellos anuncios, folletos, presentaciones y obras de arte con esta app gratuita y excelente de gráficos!",,,,,,,,,,
NA,RC1,Scorched 3D,Linux App,Linux,Games,,,0,x,,,,,,,,,,,,,"Do you love games with jets, naval vessels, and all sorts of weapons? If so, then you will love Scorched3D. This game comes with many different lands for you to visit and engage in battles. You will need to develop a good strategy in order to outsmart your opponents and make sure that you end up victorious. You can play by yourself, with friends, or battle other community members online. Hold onto your hats, because this game is sure to shake things up!",,,,"¿Te gustan los juegos de aviones, de guerra, y todo tipo de armas? Si es así, entonces te encantará Scorched3D. Este juego viene con muchos países que puedes visitar y proteger o invadir. Tendrás que tener una estrategia buena y ser astuto para que tus enemigos no ganen y para asegurarte de que terminarás victorioso. Puedes jugar solo, con amigos, o puedes jugar contra otros miembros de la comunidad en línea. ",,,,,,,,,,
,RC2,FreeCol,Linux App,Linux,Games,,,0,x,,,,,,,,,,,,,"Have you ever wanted to start your own country? Well, now you can. Go back into an alternative universe where America has still not been colonized and create towns, cities, and states that will support your ultimate plan. Will you try to dominate the world, or will you promote international peace and prosperity? You decide. ",,,,"¿Alguna vez has querido crear tu propio país? Bueno, ahora mismo lo puedes crear. Este juego te mete a un universo alternativo en donde las Américas aún no han sido colonizadas. Puedes crear todos los pueblos, ciudades y estados que tu quieras. Tendrás demasiado poder, ¿entonces que harás? ¿Intentarás dominar el mundo, o promoverás la paz y la prosperidad internacional? Tú decides.",,,,,,,,,,
NA,RC2,Gedit,Linux App,GNOME,Utility,,,0,x,,,,,,,,,,,,,"Use this simple app to create and edit files that require plain text inputs. If you are a programmer or an aspiring programmer, you will need this app. With robust functionality and an easy-to-use interface, this text editor should be perfect for all of your text editing needs.  ",,,,"Utiliza esta app para crear o editar archivos que requieren texto sin formato. Si eres un programador de computadoras actual o aspirante, esta app te será esencial. Con mucha funcionalidad y una interfaz que es fácil de usar, este editor de texto será perfecto para todas sus necesidades de edición de texto.",,,,,,,,,,
,,Notes,,,,,,0,x,,,,,,,,,,,,,"Do you find yourself writing down lots of notes on pieces of paper that later get lost or torn? Or, are there so many notes on your desk that you're running out of space? No matter what kind of notes you need to take, this note app can help you keep them all in one place. This app also has the ability to link notes together so that you can easily access all related notes and stay even more organized!",,,,"¿Te encuentras escribiendo un montón de notas en pedazos de papel que luego se pierden o se rompen? O bien, ¿hay tantas notas en tu escritorio que te estás quedando sin espacio? No importa qué tipo de notas necesites tomar, esta app te puede ayudar a mantener todo en un solo lugar. Esta app también tiene la capacidad de enlazar tus notas juntas para que puedas acceder notas relacionadas rápidamente. ¡Así que te harás mucho más organizado de lo que ya eres!",,,,,,"Other phrases avoid gendered language. Here the word ""organizado"" makes it out as addressing a male. Possibly change it to ""Así que te organizarás más de lo que ya estás"" instead of ""Así que te harás much más organizado de lo que ya eres""",,,,
,,Billiards,Linux App,Linux,Games,,,0,x,,,,,,,,,,,,,"Do you love playing billiards, or have you ever wanted to learn how to play? This game lets you have the experience of playing pool and other similar games right from your home. It’s simple to learn and use, yet highly realistic. Play carom, eightball or nineball games, or just practice for real-life billiards games against your friends. This app is a great tool for both playing for fun and improving your game.",,,,"¿Te gusta jugar al billar, o tal vez has querido aprender como jugarlo? Con esta app puedes jugar al billar y a otros juegos parecidos desde tu casa por completamente gratis. Esta app es muy realista y sencilla para aprender a jugar, para practicar estrategias o simplemente para divertirte por un rato.",,,,,,"Longer, more detailed description is still in English.",,,,
,,BlockOut 2,Linux App,Linux,Games,,,0,x,,,,,,,,,,,,,"Do you love puzzle games? Then you’ll love BlockOut 2. This 3-D Tetris game is fast-paced and a lot of fun! Figure out how to stack different-shaped blocks together and create whole layers of blocks to get points, all before the blocks stack up too high and you lose! It’s great for the brain, and tons of fun.",,,,"¿Te gustan los rompecabezas? Pues, te encantará BlockOut 2. ¡3D Tetris es de ritmo rápido y es muy divertido! Encuentra la mejor forma de juntar diferentes bloques para crear capas enteras de bloques y ganar puntos - ¡todo antes de que los bloques se amontonen demasiado y pierdas! Es un juego divertidísimo que hasta te ayudará a mantener tu cerebro ágil.",,,,,,"Longer, more detailed description is still in English.",,,,
,,Internet,Linux App,Linux,Internet,,,0,x,,,,,,,,,,,,,,,,,,,,,,,,,,,
,,Chromium BSU,Linux App,Linux,Games,,,0,x,,,,,,,,,,,,,"Imagine this: You’re the captain of Chromium B.S.U., a vital cargo ship that must get supplies to the frontline of a great war in space. With the help of your robotic fighting fleet, you just might make it. This thrilling, arcade-style game is sure to get your blood pumping. With a variety of objectives to achieve and the tools to do it, you’re on your way to a galaxy of fun!",,,,"Imagina esto: Eres el capitán de Chromium BSU, un carguero que debe llevar provisiones a la vanguardia de una gran guerra en el espacio. Con la ayuda de robots, tendrás la oportunidad de lograr tu misión. Este juego emocionante de estilo arcade tendrá tu corazón latiendo muy rápidamente. ¡Con una variedad de objetivos y herramientas para lograrlo todo, estás en camino a gran diversión!",,,,,,"Longer, more detailed description is still in English.",,,,
,,Kobo Deluxe,Linux App,Linux,Games,,,0,x,,,,,,,,,,,,,"Fans of arcade-style games will love the Kobo Deluxe app. This third-person shooter allows you to protect yourself from and destroy enemy ships as they pursue you, shooting and launching themselves at you. All this takes place in an exciting outer-space environment, with fun graphics and invigorating tactical challenges. Move up through the 50 levels and come out a champion. ",,,,"Si te gustan las máquinas de sala de videojuegos, te encantará Kobo Deluxe. Este juego emocionante te llevará por aventuras donde necesitarás navegar por lugares llenos de enemigos y protegerte de los que te persiguen. Estarás en el espacio - un ambiente completamente extranjero. Si eres exitoso y logras navegar por los 50 niveles, serás el campeón y ganarás el juego.",,,,,,"Longer, more detailed description is still in English.",,,,
,,Super Tux,Linux App,Linux,Games,,,0,x,,,,,,,,,,,,,"This game is similar to the original Super Mario Brothers games and allows your avatar to run and jump its way to new levels. The game features 26 levels with different opponents to fight, and fun music, in addition to a story that you can follow along with as you play. ",,,,"Este juego es parecido a los juegos originales de Super Mario Brothers donde tienes que correr y saltar para llegar a nuevos niveles. El juego viene con 26 niveles con diferentes oponentes que tendrás que vencer. Además, hay música alegre y un cuento divertido para seguir durante el juego.",,,,,,"Longer, more detailed description is still in English.",,,,
,,Tux Kart,Linux App,Linux,Games,,,0,x,,,,,,,,,,,,,"Tux Kart is a racing game that stars the lovable character, Tux the Penguin. This game features several different tracks of varying difficulty for you to test your driving skills. Whether you’re on Tux’s Tollway or Gown’s Bow, you’re rushing toward the finish, trying to stay ahead of your opponents as you collect Red Herrings (which give you special abilities) and avoid Green Herrings (which trip you up). This game is sure to entertain you and your friends for hours!",,,,"Tux Kart es un juego de carreras con el protagonista lindo y encantador, Tux el pingüino. Este juego contiene varias pistas de diferentes niveles de dificultad. Podrás poner tu habilidad para maniobrar a la prueba. Tendrás que alcanzar diferentes objetos en la pista para darte un empuje y tendrás que evitar otros que sean contratiempos para terminar la carrera a tiempo. ¡Este juego será muy divertido y entretenido para ti y todos tus amigos!",,,,,,"Longer, more detailed description is still in English.",,,,
,,Teeworlds,Linux App,Linux,Games,,,0,x,,,,,,,,,,,,,"Teeworlds is a retro-looking game, but don’t let this old-school feel fool you; it’s also an exciting multiplayer shooter. Epic battles of up to 16 players rage, in formats such as Capture the Flag and Team Deathmatch. Try to survive in the deadly arena while dispatching your opponents. One exciting feature of Teeworlds is that the game allows you to design your own maps. Lots of bloody fun awaits you with the Teeworlds app.",,,,"Teeworlds parece ser un juego retro y clásico- pero no dejes que esto te engañe. Además de ser muy entretenido y divertido, puedes jugar con hasta 16 participantes para aumentar la emoción. Puedes escoger entre varios juegos para competir contra tus oponentes. Intenta sobrevivir y vencer a cada uno de tus oponentes en las diferentes pistas. En este juego hasta podrás crear tus propias pistas y campos. ¡Mucho entretenimiento te espera con Teeworlds!",,,,,,"Longer, more detailed description is still in English.",,,,
,,FreeCiv,Linux App,Linux,Games,,,0,x,,,,,,,,,,,,,"Create your own world with this action-packed game that lets you travel through time and start a civilization of your very own. You'll start at the begging, in a pre-historic world, where you'll need to create your own tribe. Then, you'll move onto the middle ages, survive the plague and invent the wheel. You'll continue through the ages until you reach modern times and need to balance world politics with your agenda to lead your people to conquering the moon and beyond!

Subtitle: Travel through time to create your own civilization and lead it to greatness ",,,,"Crea tu propio mundo con este juego lleno de acción que te permite viajar por el tiempo y comenzar tu propia civilización. Empezaras en un mundo prehistórico, en el que tendrás que crear tu propia tribu. Después de poco tiempo, te encontrarás en la Edad Media y tendrás que sobrevivir la plaga e inventar nueva tecnología, como la rueda. De allí, continuarás a través de los siglos hasta llegar a los tiempos modernos. ¡Necesitarás equilibrar la política mundial con tu agenda para guiar a tu pueblo hacia la conquista de la luna y de más allá!

Subtitle: 
¡Viaja por el tiempo para crear tu propia civilización y guiarla hacia la grandeza!",,,,,,,,,,
,,Tux Paint,Linux App,Linux,Games,,,0,x,,,,,,,,,,,,,"Create beautiful artwork with this fun and easy to use app! Tux the penguin helps guide children so that they know how to use all of the tools. Recommended ages for using this app are 3 - 12, but anyone who is young at heart is sure to love it! Use stamps, play with shapes, or draw freehand to create something special. If your child loves drawing and creating artwork, then download this app and get them started on their next masterpiece!",,,,"¡Crea tus propias obras de arte con esta app que es divertida y fácil de usar! Tux el pingüino te ayudará a usar las herramientas de la app, así que hasta niños pequeños podrán usarla. Edades recomendadas para el uso de esta app son de 3 - 12 años, ¡pero también le encantará a cualquier persona que es joven de corazón! Utiliza sellos, juega con las formas, o dibuja a mano alzada para crear algo especial. Si a su hijo o hija le gusta dibujar y crear obras de arte, ¡descarga esta app y ayúdales a comenzar su próxima obra maestra!",,,,,,"In more detailed description remove oxford comma before ""o dibuja a mano...""",,,,
,,Four in a Row,Linux App,,,,,0,x,,,,,,,,,,,,,"This classic game is great for both children and adults alike! The goal is simple: you need to create a straight line of 4 of your circles before your opponent does. You can make a line that is horizontal, vertical or diagonal, like in Tic-tac-toe, but you'll need to be careful and pay attention to what your opponent is doing if you want to win! You can play against the computer, or against a friend, and spend hours playing this addictive and fun game!

Subtitle: A fun and simple puzzle game for kids and adults ",,,,"¡Este juego clásico es divertido para niños y adultos! La meta es sencilla- tienes que crear una línea de 4 círculos tuyos antes que lo haga tu oponente. Puedes juntar tus círculos en una línea horizontal, vertical o diagonal, pero tienes que tener cuidado de lo que hace tu oponente si quieres ganar. ¡Puedes jugar contra la computadora o contra un amigo y durar horas jugando este juego tan divertido!",,,,,,"Short description is still in English. Longer, more detailed description is also still in English.",,,,
,,Iagno,Linux App,,,,,0,x,,,,,,,,,,,,,"Turn over the pieces in front of you so that they are all the same color. Simple? Not at all! You can change pieces to your color if you can put one of your pieces in a place where you can make a row, column or diagonal line across consecutive pieces of the other color. So, you need to flip over the pieces carefully to try to make ALL of the pieces your color. Think very strategically and see if you can figure this puzzle out!

Subtitle: Try to flip all the pieces to your color in this fun puzzle game",,,,"Voltea cada ficha en frente de ti para que todas sean del mismo color. ¿Sencillo? ¡Para nada! Puedes cambiar las fichas a tu color si puedes poner una de tus fichas en un lugar donde se forma un línea horizontal, vertical o diagonal con fichas todas del mismo color. Necesitas voltear cada ficha con mucho cuidado para lograr cambiar todas a ser de tu color. ¡Juega y crea estrategias para poder resolver este rompecabezas!",,,,,,"Short description is still in English. Longer, more detailed description is also still in English.",,,,
,,Mines,Linux App,,Games,,,0,x,,,,,,,,,,,,,"Figure out where the dangerous mines are in order to stay alive and win the game! Each square is either an ocean or a mine, and you'll need to only click on the oceans or you'll have to start over. Each time you click on a square, you will discover what it is and see how many mines are around it in each direction. If you figure out where all the mines are, you'll win!

Subtitle: Figure out where the mines are in order to win this fun puzzle game",,,,"¡Averigua donde están las minas peligrosas para poder sobrevivir y ganar el juego! Cada cuadrado es mar o mina y tendrás que únicamente seleccionar los que son de mar. Si no seleccionas un cuadrado de mar, tendrás que empezar de nuevo. Cada vez que selecciones un cuadrado, descubrirás lo que es y te darás cuenta de cuantas minas hay alrededor y en cada dirección. ¡Cuando averigües donde están todas las minas, has ganado!",,,,,,"Short description is still in English. Longer, more detailed description is also still in English.",,,,
,,Quadrapassel,Linux App,,Games,,,0,x,,,,,,,,,,,,,"You'll need to be quick if you want to win this game! Change the shape of pieces that fall from the top in order to match colors and make them disappear. If you don't make enough color blocks disappear, you'll find that your screen will soon fill up and you'll need to try again. And just when you think you're quick enough, the game will speed up, so be ready for a challenge!

Subtitle: A tetris-like game that gets harder as you advance",,,,"¡Necesitarás ser muy rápido si quieres ganarle a este juego! Cambia la figura de las fichas que caen para que se puedan juntar, combinar y desaparecer. Si no combinas suficientes bloques para que se desaparezcan, tu pantalla se llenará y tendrás que intentar de nuevo. ¡En cuanto pienses que estas actuando lo suficiente rápido, el juego se acelerará y será un nuevo desafío!",,,,,,"Short description is still in English. Longer, more detailed description is also still in English.",,,,
,,Tetravex,Linux App,,Games,,,0,x,,,,,,,,,,,,,"Try to match up all of the same numbers on the blocks to win this tricky game. You'll need to think carefully, but quickly, in order to finish the puzzle. You will be timed, so make sure to keep getting faster in order to beat your or your friends' best time!

Subtitle: Match numbers in this timed puzzle game",,,,"Intenta combinar todos los números en los bloques para poder ganar. Tendrás que rápidamente pensar en estrategias para poder terminar el rompecabezas. El tiempo estará medido, así que tendrás que apresurarte cada vez para poder ganar la carrera contra el reloj, vencer tus amigos y sacar más puntos que en la última vez que jugaste.",,,,,,"Short description is still in English. Longer, more detailed description is also still in English.",,,,
,,Spotify,Web App,,Entertainment,,,0,x,,,,,,,,,,,,,"Subtitle: Listen to music using Spotify

Description: 
Spotify lets you access all of your favorite music, helps you discover new songs you'll love, and lets you share music with your friends - all in one place. You can listen to all of your local files and create playlists just like you would in any other music player, but now you can also share your playlists with friends and see what they are listening to! Follow friends, your favorite artists, and other Spotify members whose music taste you share. Spotify has all of the great discovering capability that other apps like Pandora have, but the difference is that you can save your favorite songs to a playlist and listen to them whenever you want. You can also make collaborative playlists, so that you and all of your friends can add songs that you all love. Have access millions of songs, and all the latest hits - for free.",,,,"Subtitle: Escucha música con Spotify

Description: 
Con Spotify puedes acceder a toda tu música favorita, descubrir nuevas canciones y compartir música fácilmente con tus amigos. Escucha canciones de tus archivos locales, o si tienes internet, accede a las millones de canciones que se encuentran en Spofity. Podrás compartir las canciones que escuchas con tus amigos que también usan Spotify, y ver lo que ellos están escuchando. ¡Sigue a tus artistas favoritos, y a otros miembros de Spotify cuyos gustos musicales compartes! Spotify crea estaciones de radio personalizadas para ti, que puedes guardar en una lista para escucharlas cuando quieras. Para más integración social, puedes crear una lista colaborativa, para que tus amigos puedan agregar canciones que a ellos también les encantan. Agrega Spotify ahora para tener acceso a todos los últimos éxitos, de forma gratuita, y de una forma muy social.",,,,,,,,,,
,,Terminal,Linux App,,Productivity,,,0,x,,,,,,,,,,,,,"Subtitle: Use the command line

Description: 
If you're an advanced user and want to display system information and launch applications without using the mouse, now you can do just that with this basic terminal app. With this modern terminal, you can see all of your commands written in different colors to help make sure you are typing them in correctly and to help you easily identify any mistakes you have made.",,,,"I'd say ""Utiliza la línea de comandos""

Si eres un usuario de computadoras avanzado y deseas acceder a la información del sistema y ejecutar apps sin usar el ratón, ahora puedes hacer precisamente eso con esta app básica del terminal. Con esta terminal moderna puedes ver todos los comandos que escribes en diferentes colores para asegurarte de que estás escribiendo todo correctamente y para ayudarte a identificar fácilmente cualquier error que hayas cometido.",,,,,,,,,,
,,Cheese,Linux App,,Entertainment,,"Photobooth App

https://wiki.gnome.org/Apps/Cheese",0,,,,,,,,,,,,,,"""Title: Take pictures of yourself and your friends with this fun photobooth app

Say cheese! Use a webcam and this awesome photobooth app to take pictures, apply filters, and share your creations with your friends and family. Try turning yourself green, or making yourself have two faces - you'll have hours of fun playing around and creating funny, cool and beautiful pictures!""",,,,"Title: Toma fotos chistosas y bellas de ti y de tus amigos 

¡Sonríe! Usa tu webcam y esta app para tomar fotos, ponerles filtros y compartirlas con tus amigos y con tu familia. Escoge entre las diferentes opciones para hacer que parezcas verde o como si tienes dos caras. Podrás entretenerte y divertirte mientras creando fotos chistosas y bellas. ",,,,,,,,,,
,,Screenshot App,Linux App,,Productivity,,,,,,,,,,,,,,,Screenshot,Take a picture of your screen to save,"Do you ever wish you could take a picture of your screen to save? Well now you can, with this easy-to-use screenshot app. You can choose to take a shot of your entire screen, or of just one of your windows. That way, you can make sure to save just what you need and nothing more.",,Capturalo,Toma una foto de tu pantalla y guárdala,"¿Has querido alguna vez tomarle una foto a tu pantalla para poderla guardar? Ahora puedes, con esta app de captura de pantalla que es muy fácil de usar. Puedes escoger entre tomarle una foto a tu pantalla entera, o a solo una de las ventanas abiertas. Así puedes asegurarte que solo estas guardando lo que necesitas y nada más.",,,,,,,,,,